explainability_method,comprehensiveness,sufficiency
random,0.04637222850754988,0.9647564339334198
laat,0.8765568807805717,0.16087502315405391
attention_rollout,0.37648864635348106,0.40921874646659373
deeplift,0.7760085323199546,0.10487236124800102
gradient_x_input,0.7741772322923802,0.10230174964953025
integrated_gradient,0.751582527186182,0.10760260695755958
grad_attention,0.8835813760047989,0.11944700848921613
atgrad_attention,0.8321586722827695,0.1625040523271506
