explainability_method,comprehensiveness,sufficiency
random,0.02720929043001299,0.9185806849646087
laat,0.8449859239855101,0.3013468591771748
attention_rollout,0.4059518161083523,0.424621227410098
deeplift,0.7729365210123845,0.18550051850476565
gradient_x_input,0.7652874797857014,0.18637214484761994
integrated_gradient,0.7481572947644837,0.19138442294190644
grad_attention,0.8724408169130765,0.22812877384763308
atgrad_attention,0.775125013391048,0.30314586799289006
