explainability_method,comprehensiveness,sufficiency
random,0.004793394071951505,0.8121627484439151
laat,0.8364303149162611,0.26455409176111483
attention_rollout,0.35374984840382967,0.35899180100022504
deeplift,0.7494744483696312,0.1471801371144005
gradient_x_input,0.7467208017072051,0.14425723698550255
integrated_gradient,0.745084102756392,0.15729473423554363
grad_attention,0.868099864209701,0.20267614751435487
atgrad_attention,0.7424819535302658,0.2669049392747238
