explainability_method,comprehensiveness,sufficiency
random,0.03188311802360161,0.9730889303125254
laat,0.8646074132591642,0.3125551419510291
attention_rollout,0.4159432017279977,0.4111782388714859
deeplift,0.7595288602788135,0.1821267847291437
gradient_x_input,0.7645575833343763,0.18600436997792988
integrated_gradient,0.7410709587402196,0.19396780328457094
grad_attention,0.8848577604900316,0.2403419368682454
atgrad_attention,0.8161400245677587,0.30590288067010407
