explainability_method,comprehensiveness,sufficiency
random,0.034139857738986465,0.9766834940664666
laat,0.8826950726569658,0.33946314467654026
attention_rollout,0.38597944685541263,0.537488715782181
deeplift,0.7736741480465613,0.26440638621480467
gradient_x_input,0.7786581415417707,0.2655761386032439
integrated_gradient,0.7369979657693073,0.280945774300949
grad_attention,0.8866682433163288,0.2878553957609085
atgrad_attention,0.8455707903267571,0.3378385675340463
