explainability_method,comprehensiveness,sufficiency
random,0.01456656406446672,0.9125978837937825
laat,0.7818669782674044,0.2213587809609554
attention_rollout,0.34534674934698917,0.40100409028821926
deeplift,0.7252215272741456,0.14783977964145636
gradient_x_input,0.7256279938835615,0.14554609605218607
integrated_gradient,0.733538002158716,0.1479032945701791
grad_attention,0.8343574881503687,0.1642118994241931
atgrad_attention,0.7022471217752072,0.2334952057121122
