explainability_method,comprehensiveness,sufficiency
random,0.032968062465036765,0.9629674742787014
laat,0.864506542507879,0.2755893533379864
attention_rollout,0.3643552078783175,0.4675957200542854
deeplift,0.7629641931229595,0.19990530392912037
gradient_x_input,0.7617702531905328,0.19850258691105294
integrated_gradient,0.761562056673784,0.18345986047484195
grad_attention,0.8705651159258341,0.23040494304778078
atgrad_attention,0.8300047660861875,0.26904306257378435
