explainability_method,comprehensiveness,sufficiency
random,0.043361631105975906,0.9697067604062062
laat,0.8884361785482803,0.2433027249534781
attention_rollout,0.3836024005070246,0.4804932114325312
deeplift,0.7806164631923548,0.17898473204595655
gradient_x_input,0.7790566026509821,0.1773291369262144
integrated_gradient,0.7764398893669071,0.1694351811932579
grad_attention,0.8899721951564166,0.19511906824001132
atgrad_attention,0.8516681160564563,0.24643381208093207
