explainability_method,comprehensiveness,sufficiency
random,0.04499367438793391,0.966342068861218
laat,0.8940692284299773,0.29142168296290144
attention_rollout,0.39405927031858967,0.46346419275488016
deeplift,0.7741492285404054,0.19057465855345712
gradient_x_input,0.7715481309579143,0.1899288651366468
integrated_gradient,0.7620365105184463,0.196387285832603
grad_attention,0.8909096863417735,0.23357585057570643
atgrad_attention,0.8609157660311474,0.28252749820392675
