explainability_method,comprehensiveness,sufficiency
random,0.033948361503183165,0.9297527692814218
laat,0.8982820768234746,0.1679396843976125
attention_rollout,0.3981740902427537,0.403243845341073
deeplift,0.7918454939262756,0.12054548164154984
gradient_x_input,0.792732595811529,0.11976763021731725
integrated_gradient,0.7724120341373975,0.11937360396539037
grad_attention,0.9031352043480538,0.13156380624788944
atgrad_attention,0.860823967591456,0.16436501124094008
