explainability_method,comprehensiveness,sufficiency
random,0.019125537827329803,0.6785404469137378
laat,0.8079717663832618,0.17078480055497072
attention_rollout,0.35502649294433664,0.3003029809996499
deeplift,0.7433434126991664,0.09812792554105286
gradient_x_input,0.7415098261920308,0.09754721922995235
integrated_gradient,0.7332524179070449,0.10091856147665847
grad_attention,0.8483767091119029,0.12834692286149732
atgrad_attention,0.7272232698901949,0.17622202250550592
