explainability_method,comprehensiveness,sufficiency
random,0.03772370816236882,0.9460426461478162
laat,0.8787398466041336,0.2834317046250672
attention_rollout,0.4164134894651842,0.45375487570283096
deeplift,0.7858054954141249,0.20410796456166258
gradient_x_input,0.7847912417624984,0.20295437981942027
integrated_gradient,0.7739018760610432,0.19994214341344554
grad_attention,0.8844057480078839,0.22856170754720934
atgrad_attention,0.838942267010814,0.2835478669969976
