explainability_method,comprehensiveness,sufficiency
random,0.04847459244234947,0.9728627557916358
laat,0.8897265397028034,0.18263607688635103
attention_rollout,0.37893396349320607,0.44530090061727473
deeplift,0.7727406921635381,0.1251327382267178
gradient_x_input,0.775821013521109,0.12241333440328454
integrated_gradient,0.7439766418608014,0.12360581781379489
grad_attention,0.8913358723298166,0.12762295529579176
atgrad_attention,0.8512997965652958,0.18904013042117832
