explainability_method,comprehensiveness,sufficiency
random,0.03872460629441263,0.8756816455067512
laat,0.8796208105020906,0.29096213776647867
attention_rollout,0.39381580384480314,0.4293869395376086
deeplift,0.7470922223377495,0.21074390791068956
gradient_x_input,0.7522861735376967,0.21215674630635703
integrated_gradient,0.735208500112888,0.2155913773919073
grad_attention,0.8828424524534799,0.24004506720189978
atgrad_attention,0.8414410946219452,0.2957352125298579
