explainability_method,comprehensiveness,sufficiency
random,0.037669644060561544,0.9375546237174281
laat,0.8736482609161255,0.12333971620762994
attention_rollout,0.3570654941994368,0.3984300414570775
deeplift,0.7603095513828161,0.09183026964370078
gradient_x_input,0.7581360318750409,0.09059778926914373
integrated_gradient,0.7371658880466025,0.09009779954279282
grad_attention,0.8784648037020522,0.09445784504940613
atgrad_attention,0.8352618266980224,0.12934231225278953
