explainability_method,comprehensiveness,sufficiency
random,0.007870801733689654,0.9549495182496284
laat,0.817473767570804,0.25188783571801615
attention_rollout,0.36593051417466366,0.41301118167457024
deeplift,0.7685518465364056,0.15382490590186168
gradient_x_input,0.7678524923736809,0.14932134919011883
integrated_gradient,0.7114705546285506,0.1898817958504686
grad_attention,0.866920746474606,0.1861901104492217
atgrad_attention,0.7403784053653684,0.24984715671021993
