explainability_method,comprehensiveness,sufficiency
random,0.005981328207793267,0.9183744794509541
laat,0.60827143453167,0.383719752671416
attention_rollout,0.36195228906942467,0.3771900909707997
deeplift,0.7437163448414207,0.17199926120305464
gradient_x_input,0.7436907082930088,0.16878418318791716
integrated_gradient,0.7253751519425098,0.17906127906156621
grad_attention,0.7525161639968422,0.24696824666991238
atgrad_attention,0.6508407994872677,0.35361795150652303
