explainability_method,comprehensiveness,sufficiency
random,0.010532698144731711,0.9341663340584772
laat,0.8311142643776971,0.22994656525384122
attention_rollout,0.3724540399995781,0.3606378342372321
deeplift,0.7562846072419048,0.13302440919688271
gradient_x_input,0.7544471006027385,0.13127753637154746
integrated_gradient,0.7350637984808861,0.126897700808895
grad_attention,0.8621399336661653,0.16641716504099144
atgrad_attention,0.7647593453950112,0.2328716013671892
