explainability_method,comprehensiveness,sufficiency
random,0.03611053618223967,0.9261127374664909
laat,0.8865671703217305,0.17203729839432952
attention_rollout,0.38412541067552175,0.40679800099826846
deeplift,0.7505093157191083,0.12596857708907297
gradient_x_input,0.756723160980697,0.12661443055171712
integrated_gradient,0.7087177688704102,0.15687838505870874
grad_attention,0.8878573781226439,0.13155041349442784
atgrad_attention,0.8495978837379667,0.1736405121840635
