explainability_method,comprehensiveness,sufficiency
random,0.03406407494425812,0.9500853267361152
laat,0.8862534536855953,0.2995991452179656
attention_rollout,0.3708035387263443,0.48203769342160124
deeplift,0.7568270961569421,0.20886954507483765
gradient_x_input,0.7576737360172195,0.20679165303645267
integrated_gradient,0.7495426150551352,0.20859793916302377
grad_attention,0.8837290586642935,0.24452993335827478
atgrad_attention,0.8319256443794977,0.3019300180383048
