explainability_method,comprehensiveness,sufficiency
random,0.03884967618869888,0.9724162563985196
laat,0.8677034064280121,0.33711862904277917
attention_rollout,0.37543613752924787,0.49477535299427217
deeplift,0.7646090065285777,0.23313267583352895
gradient_x_input,0.7643744817025656,0.22931387087077654
integrated_gradient,0.7661081693982689,0.23430685904523152
grad_attention,0.8724516041535103,0.27858712499150334
atgrad_attention,0.834723309460696,0.32368883704537504
