explainability_method,comprehensiveness,sufficiency
random,0.05139699566301597,0.9432615419752485
laat,0.8978455925716026,0.39677276115077426
attention_rollout,0.39197368266709354,0.46612985613086866
deeplift,0.7820821710609492,0.23569597540516188
gradient_x_input,0.7800938697429304,0.23174724758321222
integrated_gradient,0.7619396364845281,0.28843290925482684
grad_attention,0.893746612638983,0.331773909736075
atgrad_attention,0.8574607381660376,0.37063606896
