explainability_method,comprehensiveness,sufficiency
random,0.03454854690213484,0.956726169873379
laat,0.8866244517015855,0.24308763144603793
attention_rollout,0.37720044782939177,0.42128029539433864
deeplift,0.7785063606540925,0.1607166502500765
gradient_x_input,0.7765034988148461,0.15757592489863817
integrated_gradient,0.7516802997315419,0.1559147210433133
grad_attention,0.8875589989677554,0.19762510858729154
atgrad_attention,0.851329572835467,0.23969337130995189
