explainability_method,comprehensiveness,sufficiency
random,0.02367048213290979,0.9869724869332495
laat,0.5794088705087836,0.4892148587409363
attention_rollout,0.3836508629158856,0.45009940319295455
deeplift,0.7419980103913331,0.22654110096984983
gradient_x_input,0.7398987973274013,0.22562495859204548
integrated_gradient,0.7426952510584426,0.22184679899404078
grad_attention,0.7285345475432692,0.31354712230407217
atgrad_attention,0.6341520029331021,0.44728863085783716
