explainability_method,comprehensiveness,sufficiency
random,0.012978848703110077,0.9357950166444048
laat,0.7905439283119416,0.21668466974483047
attention_rollout,0.36514117020792736,0.39440724457919135
deeplift,0.7466919054428256,0.14252662685960732
gradient_x_input,0.747683383899088,0.1395658793948923
integrated_gradient,0.7543413307027428,0.13832230764926465
grad_attention,0.8415057086989304,0.159495639750122
atgrad_attention,0.7135699545061163,0.22844552473650725
