explainability_method,comprehensiveness,sufficiency
random,0.031992515589667966,0.9728193731028283
laat,0.8717334389467023,0.23483390770492618
attention_rollout,0.39830301260884754,0.39195031462337293
deeplift,0.7739072369085495,0.1400058240302928
gradient_x_input,0.7781719098733488,0.14407675421302807
integrated_gradient,0.7494854632759138,0.1262323275352071
grad_attention,0.8825430127049173,0.16779264817363557
atgrad_attention,0.8333990361981098,0.2424677208311928
