explainability_method,comprehensiveness,sufficiency
random,0.044498567004245905,0.8986983235532227
laat,0.8705815241618375,0.19923678899219927
attention_rollout,0.40574557520420745,0.3899927405330381
deeplift,0.7692399315436264,0.12991690436820166
gradient_x_input,0.7659565918426086,0.1279491302681835
integrated_gradient,0.752890896755908,0.13889920068051384
grad_attention,0.8802464479267362,0.14608244815426497
atgrad_attention,0.8360691665562568,0.19188503027826725
