explainability_method,comprehensiveness,sufficiency
random,0.02576570800451238,0.7863632333973266
laat,0.8581593558227729,0.2272040437028557
attention_rollout,0.3813209657337439,0.33386371791016434
deeplift,0.7602714049307063,0.13663273268592716
gradient_x_input,0.7583352411881229,0.13472293349510153
integrated_gradient,0.7536791064486416,0.12961617951937232
grad_attention,0.8779546875651808,0.173250919895432
atgrad_attention,0.7971803340394159,0.2267304061684269
