explainability_method,comprehensiveness,sufficiency
random,0.02766540395424375,0.9629854861594361
laat,0.8741669182071355,0.23452042514453122
attention_rollout,0.38691760048842433,0.41291459676590303
deeplift,0.7628179204089519,0.15690956790534952
gradient_x_input,0.7607016530749068,0.15488930475777135
integrated_gradient,0.7382064610667525,0.17783799144328555
grad_attention,0.8832685871732999,0.17506831262217262
atgrad_attention,0.8381880826981106,0.22766068374689963
