explainability_method,comprehensiveness,sufficiency
random,0.02822674825162452,0.9713166192339397
laat,0.8642559647397023,0.2451090166248908
attention_rollout,0.38243445755804534,0.42416774869110874
deeplift,0.7716653571098968,0.17183676742678666
gradient_x_input,0.7677605870795355,0.17120831865277822
integrated_gradient,0.7533455835042322,0.16065322982262614
grad_attention,0.8809852807114283,0.19085018246206747
atgrad_attention,0.8072026197742028,0.24709526789791517
