explainability_method,comprehensiveness,sufficiency
random,0.04043275863032382,0.9608298461006299
laat,0.8805174441057393,0.2197302496085258
attention_rollout,0.3915394847895727,0.4206638976305969
deeplift,0.7555079704219779,0.14444483931857427
gradient_x_input,0.7613347113018462,0.14758891898410817
integrated_gradient,0.7184538430815853,0.15954539123274974
grad_attention,0.8824408000346641,0.17526095612153877
atgrad_attention,0.845468474668466,0.2188284251447616
