explainability_method,comprehensiveness,sufficiency
random,0.01903646609101578,0.9382242805349735
laat,0.7370356747338372,0.2979912340711943
attention_rollout,0.37130584506556746,0.37861289020584743
deeplift,0.7287830082298276,0.1663443572680741
gradient_x_input,0.7280537916921578,0.164890638884415
integrated_gradient,0.6966946089875689,0.18167517749254397
grad_attention,0.8022711826558129,0.21424764124742518
atgrad_attention,0.689593815511453,0.2999560086095525
