explainability_method,comprehensiveness,sufficiency
random,0.050885238298891376,0.9413411614663396
laat,0.8591429284355252,0.27986716898220615
attention_rollout,0.4026734323588334,0.42620077046958066
deeplift,0.766647214014071,0.18552154288049622
gradient_x_input,0.7615906391959287,0.18175459851848744
integrated_gradient,0.7654834756591213,0.1923066151510918
grad_attention,0.8756230215418441,0.21806531189342598
atgrad_attention,0.8255037506206497,0.2783355675695777
