explainability_method,comprehensiveness,sufficiency
random,0.005276636678016351,0.7406636992899951
laat,0.8531539874757327,0.20657231471271742
attention_rollout,0.3869774337542643,0.3047883135803134
deeplift,0.7494596505427683,0.11687995539336686
gradient_x_input,0.7488432806250029,0.11571202621229261
integrated_gradient,0.7123563273425546,0.1347279603868764
grad_attention,0.8695050912763673,0.15374358850048903
atgrad_attention,0.7600840329561118,0.20464538316313233
