explainability_method,comprehensiveness,sufficiency
random,0.01938306250134345,0.9182652858929053
laat,0.8139101055620065,0.3217731334017329
attention_rollout,0.3792382871461694,0.3981900144266529
deeplift,0.7694359644716801,0.17501462776413898
gradient_x_input,0.7663404378565158,0.1721743916600123
integrated_gradient,0.7510078078604514,0.16013686486812653
grad_attention,0.8604545757741164,0.22859819556134947
atgrad_attention,0.7372200525878674,0.32007378859567065
