explainability_method,comprehensiveness,sufficiency
random,0.01891048327381553,0.9483123084916175
laat,0.8545570072780235,0.18468328958728725
attention_rollout,0.37279196798364855,0.3886487108170474
deeplift,0.7430954138637396,0.12594816903849712
gradient_x_input,0.7501604843225614,0.12631672222382612
integrated_gradient,0.7236672095727967,0.12404815870769803
grad_attention,0.8748458712296562,0.142448477641883
atgrad_attention,0.7979639270241043,0.189397766802994
