explainability_method,comprehensiveness,sufficiency
random,0.03316685829009111,0.9783903975971405
laat,0.8762338143708478,0.24454470679298038
attention_rollout,0.4061669349874392,0.41657810782424176
deeplift,0.7616248446548437,0.15317353682731386
gradient_x_input,0.7659276966678568,0.15591625136301263
integrated_gradient,0.739655372187204,0.16025578082739858
grad_attention,0.8810487997862984,0.18185462693707183
atgrad_attention,0.8367696102149029,0.25275072100646406
