explainability_method,comprehensiveness,sufficiency
random,0.04066876678697607,0.9466670593366902
laat,0.8577113294832639,0.22268888590998315
attention_rollout,0.3859968191542029,0.3995782390697059
deeplift,0.7729416105282744,0.15021909862683558
gradient_x_input,0.7664864072043883,0.14732210585581668
integrated_gradient,0.7507345576006101,0.15233176112558838
grad_attention,0.8736319612380857,0.16919197418179396
atgrad_attention,0.8216701538264926,0.2212373001415269
