explainability_method,comprehensiveness,sufficiency
random,0.043316761882777534,0.9355740370991686
laat,0.8816746232306,0.31281555037094866
attention_rollout,0.39016713513731205,0.45934822492283706
deeplift,0.7628656700804499,0.19706300368002652
gradient_x_input,0.7679565916721035,0.20050051163668664
integrated_gradient,0.6322050472150617,0.33152457894324305
grad_attention,0.884482402182721,0.24464129988153827
atgrad_attention,0.848005464190661,0.3105955717724645
