explainability_method,comprehensiveness,sufficiency
random,0.01387248325934137,0.9199457937789823
laat,0.8105430539262212,0.259771092278281
attention_rollout,0.3647881469295829,0.39033806567713697
deeplift,0.7282854768393093,0.15228544923128387
gradient_x_input,0.7348987444983592,0.15279848055508505
integrated_gradient,0.7154868844464366,0.14852535886422974
grad_attention,0.8478987760149965,0.1933579889357792
atgrad_attention,0.7461192476648739,0.26769500408501845
