explainability_method,comprehensiveness,sufficiency
random,0.03820236732781599,0.9679928304848854
laat,0.8859897669269758,0.27904987592879
attention_rollout,0.392796141410864,0.4739708801915015
deeplift,0.7733892441480756,0.1765136192798627
gradient_x_input,0.7775697148619206,0.17961883263789774
integrated_gradient,0.7621270435715755,0.19865047479204337
grad_attention,0.891370217344629,0.21240058984049545
atgrad_attention,0.8451138832251326,0.27846071165206
