explainability_method,comprehensiveness,sufficiency
random,0.017572382251994752,0.9510869195858667
laat,0.7397707519580641,0.3498307478535046
attention_rollout,0.3738882423100388,0.40417527365216227
deeplift,0.7162186993079901,0.18928554685129645
gradient_x_input,0.7217662158492709,0.1923869990756047
integrated_gradient,0.6934370680482733,0.20720672172913682
grad_attention,0.8026821004378664,0.2601726735974115
atgrad_attention,0.6912634469613693,0.34955795532639306
