explainability_method,comprehensiveness,sufficiency
random,0.03111426573714132,0.9554742337643337
laat,0.8787669398561571,0.21617948578254656
attention_rollout,0.4147904644460985,0.38426512470075985
deeplift,0.7833628558484566,0.13792793450523785
gradient_x_input,0.780442861360697,0.13557418437653307
integrated_gradient,0.7729303486635817,0.13851259298910285
grad_attention,0.88789600109514,0.15659354313803733
atgrad_attention,0.8452520030477916,0.21828833617089802
