explainability_method,comprehensiveness,sufficiency
random,0.012853200096044792,0.9463881861543746
laat,0.8550824897157431,0.1624521314873329
attention_rollout,0.3686534007010411,0.36462667677685856
deeplift,0.7672543378151336,0.11480498633891349
gradient_x_input,0.763342062076483,0.11211929990855747
integrated_gradient,0.752203870359355,0.1009795307726863
grad_attention,0.8780336952900875,0.12152645421720955
atgrad_attention,0.7987327711048547,0.16799561589628562
