explainability_method,comprehensiveness,sufficiency
random,0.046590131809722296,0.9650524163179488
laat,0.8861903561239255,0.18610802819524075
attention_rollout,0.3958444956707438,0.40684427543535756
deeplift,0.7878880243699513,0.12113898853109802
gradient_x_input,0.7876201352915808,0.11817112672892757
integrated_gradient,0.7770879932589617,0.11116136758489197
grad_attention,0.8889584770680121,0.13852806826949776
atgrad_attention,0.8502642761004768,0.19272312600345348
