explainability_method,comprehensiveness,sufficiency
random,0.044715050204174,0.9711381442378914
laat,0.8829343050612661,0.26388458158373157
attention_rollout,0.3806075631688989,0.4483113194341387
deeplift,0.7687498181037301,0.169005312104238
gradient_x_input,0.7682867128515095,0.16679974743030898
integrated_gradient,0.7638431683482931,0.1591272812102778
grad_attention,0.8856791752375565,0.20549612616907648
atgrad_attention,0.8434170882050467,0.2603546571955504
