explainability_method,comprehensiveness,sufficiency
random,0.02787960281837062,0.9706493197785226
laat,0.8718801723181088,0.20977862680358203
attention_rollout,0.3860774118807467,0.41134265146231264
deeplift,0.7649266532967258,0.14820496655787493
gradient_x_input,0.7645921382971899,0.14601937632702008
integrated_gradient,0.7305148007127467,0.15856894171336156
grad_attention,0.8822467221724357,0.16031102528627847
atgrad_attention,0.8336458788224084,0.21236432392464452
