explainability_method,comprehensiveness,sufficiency
random,0.013193639811987045,0.9829331537301532
laat,0.8382190237691699,0.5130012352021099
attention_rollout,0.38293631486155594,0.5192335394153705
deeplift,0.7510087411779145,0.3261849143259928
gradient_x_input,0.7513789813091349,0.32148670280799385
integrated_gradient,0.7276037424815166,0.3889298179045636
grad_attention,0.8712159538236527,0.42822297139699717
atgrad_attention,0.7488258442091662,0.4867105288973942
