explainability_method,comprehensiveness,sufficiency
random,0.039411496361411225,0.962713518455257
laat,0.8683200307534952,0.28901960523301873
attention_rollout,0.4162222153635743,0.4042743280402585
deeplift,0.7682337315084986,0.18215422219580243
gradient_x_input,0.7653503946098524,0.17813536464775553
integrated_gradient,0.7456874263232756,0.1821822486692502
grad_attention,0.8769581877526329,0.22801925825187616
atgrad_attention,0.8322792816893166,0.2911181327532272
