explainability_method,comprehensiveness,sufficiency
random,0.045565452643430204,0.947389424273436
laat,0.880801355386166,0.16956741738826336
attention_rollout,0.40080512815432595,0.3776949664013621
deeplift,0.782099064704844,0.11260525320822352
gradient_x_input,0.7809448341881341,0.11156114300222064
integrated_gradient,0.7682692664944984,0.11229053568705956
grad_attention,0.886709015246193,0.1264275378889216
atgrad_attention,0.8498005775660186,0.17350219489419735
