explainability_method,comprehensiveness,sufficiency
random,0.03238670850415041,0.8050734846358193
laat,0.8913937680959771,0.2141221379774178
attention_rollout,0.4039558094523275,0.36140276520171616
deeplift,0.7717226247267301,0.14096905573720864
gradient_x_input,0.7773693441595104,0.1420934806610726
integrated_gradient,0.7178526075058665,0.16959561370405934
grad_attention,0.8941713393695777,0.1679297813390803
atgrad_attention,0.8520048277401566,0.2123919614317139
