explainability_method,comprehensiveness,sufficiency
random,0.03860597646062663,0.941648116389434
laat,0.8659886347315164,0.24246781737029943
attention_rollout,0.37404197426826136,0.45020030986903364
deeplift,0.7461169089940987,0.1711034525301021
gradient_x_input,0.7518685386334553,0.17331158341107517
integrated_gradient,0.7263908858630985,0.1777222602202283
grad_attention,0.8674391764797942,0.19759827914885308
atgrad_attention,0.828588792835834,0.2436479249200044
