explainability_method,comprehensiveness,sufficiency
random,0.041102895447846295,0.966058777016291
laat,0.8629445525378422,0.2003996315611303
attention_rollout,0.38852772426194826,0.44646278818920265
deeplift,0.778401436792169,0.15146962192302346
gradient_x_input,0.774283335793038,0.14967139315688444
integrated_gradient,0.7570206825299439,0.1479262173110495
grad_attention,0.8804688950042268,0.15896178959487528
atgrad_attention,0.8131088261212046,0.20750370607478033
