explainability_method,comprehensiveness,sufficiency
random,0.002835178546364157,0.9646540934901259
laat,0.8126700245667962,0.31740674563229204
attention_rollout,0.36377575391719863,0.4438159730159177
deeplift,0.7509263576527164,0.18792888677575528
gradient_x_input,0.7492270490712156,0.18736714828133727
integrated_gradient,0.7143265119765906,0.22649986587289686
grad_attention,0.8628145818271111,0.2393043633822955
atgrad_attention,0.7388152010242154,0.3118395212787085
