explainability_method,comprehensiveness,sufficiency
random,0.026044154926160402,0.9397524828422431
laat,0.8685970071556112,0.14887818974080128
attention_rollout,0.37835101433643875,0.35978625922586627
deeplift,0.7691302448352546,0.1120886297737626
gradient_x_input,0.7650217740769075,0.11005702536408732
integrated_gradient,0.7518956827835349,0.09784243166117754
grad_attention,0.8766037038255667,0.11387695915912485
atgrad_attention,0.8249018232758821,0.15364829904085534
