explainability_method,comprehensiveness,sufficiency
random,0.008249921727604453,0.931972435651556
laat,0.8111281917387321,0.38679721974510717
attention_rollout,0.3839020329772631,0.41353339643943043
deeplift,0.7506942993353429,0.20275409126122879
gradient_x_input,0.7496041225954908,0.20057635376104002
integrated_gradient,0.729113394637157,0.20600967119063657
grad_attention,0.8554484062931538,0.27164312903814714
atgrad_attention,0.7323713541269712,0.384026894920497
