explainability_method,comprehensiveness,sufficiency
random,0.023707159800556148,0.9466806547456239
laat,0.6063713176378216,0.31696292969442535
attention_rollout,0.3885644059396857,0.34515706207987784
deeplift,0.7631861981627479,0.11402801364119472
gradient_x_input,0.7630719470632082,0.11217836461813044
integrated_gradient,0.707815620607294,0.13451733011845085
grad_attention,0.7504706566976039,0.19120159325734562
atgrad_attention,0.6417082018509649,0.2859255979883148
