explainability_method,comprehensiveness,sufficiency
random,0.031040213630299216,0.9599322529189812
laat,0.8701259602005934,0.2125522950708591
attention_rollout,0.3888291940840878,0.39301000518417034
deeplift,0.7471341884802306,0.14373647924528846
gradient_x_input,0.752155188132259,0.14618095621480837
integrated_gradient,0.7153906789707684,0.146168087607234
grad_attention,0.876847539846582,0.16161198163656557
atgrad_attention,0.8269868353430927,0.21679269721589559
