explainability_method,comprehensiveness,sufficiency
random,0.034133790045608105,0.9427220708888968
laat,0.8793245577555673,0.2598130005294217
attention_rollout,0.3768560153517337,0.4359153811902832
deeplift,0.7814520033618525,0.15683800995796324
gradient_x_input,0.7797846529870132,0.15333641129334583
integrated_gradient,0.7500141885589287,0.17867566078582586
grad_attention,0.8899150382706882,0.20092715478807238
atgrad_attention,0.8265005299139009,0.25014575923635024
