explainability_method,comprehensiveness,sufficiency
random,0.010342740175784206,0.9618493158686698
laat,0.8173668955714126,0.28566304795764746
attention_rollout,0.34517382282390496,0.38392564232925663
deeplift,0.7425972768176603,0.1552620750929114
gradient_x_input,0.7413828609182944,0.15261450136273721
integrated_gradient,0.721270728136113,0.1469559119407481
grad_attention,0.8529978556560791,0.20439451993184177
atgrad_attention,0.7377081149494046,0.28105502718496017
