explainability_method,comprehensiveness,sufficiency
random,0.015394632033699975,0.7417662306146098
laat,0.8151694169378185,0.17073450538173662
attention_rollout,0.3676590408242035,0.3246655011057639
deeplift,0.7602042358793994,0.1025912912743884
gradient_x_input,0.7566232339682127,0.101612246259994
integrated_gradient,0.738756150660625,0.09988550571152942
grad_attention,0.856063173479843,0.12943285862757672
atgrad_attention,0.7386047190101365,0.17910514232555252
