explainability_method,comprehensiveness,sufficiency
random,0.005892855559539798,0.9146219349928226
laat,0.8241678971043324,0.23854867641654665
attention_rollout,0.3660419204980147,0.36357539242116366
deeplift,0.7374840578590433,0.12982416973929206
gradient_x_input,0.7432248467267207,0.13239274947421686
integrated_gradient,0.7025534749533938,0.1360127745570234
grad_attention,0.8569250588396026,0.1739959898590579
atgrad_attention,0.7545622616816863,0.24053585729546792
