explainability_method,comprehensiveness,sufficiency
random,0.043890341218905074,0.9828056515458353
laat,0.8713429917263152,0.37664919717983214
attention_rollout,0.41494807720493926,0.417374725478076
deeplift,0.7643664011504144,0.19438321796593047
gradient_x_input,0.7679408746337201,0.20047877051316815
integrated_gradient,0.7268865794190587,0.1896007657854234
grad_attention,0.8785215795127123,0.2788222406882263
atgrad_attention,0.8314409023849291,0.3535315149718117
