explainability_method,comprehensiveness,sufficiency
random,0.038457408364741257,0.9446705630339294
laat,0.8649847968731509,0.30505476176398333
attention_rollout,0.39786692382592653,0.4051367337222723
deeplift,0.776111727603369,0.17928884452752955
gradient_x_input,0.7753165357155561,0.17626517330129338
integrated_gradient,0.7610080138710827,0.18084367630735407
grad_attention,0.8814109816028778,0.22895832756508205
atgrad_attention,0.8247036459198365,0.30422195317378037
