explainability_method,comprehensiveness,sufficiency
random,0.011997755138575,0.8720772009342179
laat,0.8104582850526599,0.1799868582934488
attention_rollout,0.3544016114233797,0.33186200943357036
deeplift,0.7523639241337808,0.10273642255552697
gradient_x_input,0.7498115916995057,0.10159782848810696
integrated_gradient,0.7447075724597471,0.0922595321904634
grad_attention,0.8510792824517668,0.12661768905784926
atgrad_attention,0.741645859073001,0.18936401400998573
