explainability_method,comprehensiveness,sufficiency
random,0.052370820104587705,0.9765117575207726
laat,0.8594318076777121,0.47902317586385845
attention_rollout,0.41935160993696535,0.5250219849398177
deeplift,0.7581844257226782,0.3144507023797676
gradient_x_input,0.7568002953140941,0.310494458482483
integrated_gradient,0.7504419971905266,0.3472851537524351
grad_attention,0.862569377010924,0.4109458725837662
atgrad_attention,0.8108172646435778,0.4542170683399496
